{"episode_reward_max": 2.531694245657067, "episode_reward_min": -1.3276923076923077, "episode_reward_mean": 1.049087880894664, "episode_len_mean": 252.68421052631578, "episodes_this_iter": 0, "num_healthy_workers": 1, "timesteps_total": 5600, "episodes_total": 19, "training_iteration": 14, "timestamp": 1615867303, "time_this_iter_s": 39.78473114967346, "time_total_s": 583.1972830295563, "time_since_restore": 583.1972830295563, "timesteps_since_restore": 0, "iterations_since_restore": 14, "timers/sample_time_ms": 31532.205, "timers/sample_throughput": 12.685, "timers/learn_time_ms": 10284.602, "timers/learn_throughput": 38.893, "timers/update_time_ms": 2.314, "info/num_steps_sampled": 5600, "info/num_steps_trained": 5600, "perf/cpu_util_percent": 29.36315789473684, "perf/ram_util_percent": 9.399999999999999, "info/learner/default_policy/allreduce_latency": 0.0, "info/learner/default_policy/cur_kl_coeff": 2.278125, "info/learner/default_policy/cur_lr": 5e-05, "info/learner/default_policy/total_loss": 0.05363991903141141, "info/learner/default_policy/policy_loss": -0.001478611957281828, "info/learner/default_policy/vf_loss": 0.04331912100315094, "info/learner/default_policy/vf_explained_var": 0.013399854302406311, "info/learner/default_policy/kl": 0.005179445259273052, "info/learner/default_policy/entropy": 2.742522358894348, "info/learner/default_policy/entropy_coeff": 0.0, "_step": 13, "_runtime": 595, "_timestamp": 1615867303, "sampler_perf/mean_raw_obs_processing_ms": 2.4956673210902696, "sampler_perf/mean_inference_ms": 6.276908052318008, "sampler_perf/mean_action_processing_ms": 0.14874114705483746, "sampler_perf/mean_env_wait_ms": 69.43897060347138, "sampler_perf/mean_env_render_ms": 0.0}