{"episode_reward_max": 5.8999999999999995, "episode_reward_min": -2.8661538461538463, "episode_reward_mean": 1.526810813563015, "episode_len_mean": 253.34426229508196, "episodes_this_iter": 2, "num_healthy_workers": 1, "timesteps_total": 15600, "episodes_total": 61, "training_iteration": 39, "timestamp": 1615875429, "time_this_iter_s": 42.77446746826172, "time_total_s": 1628.749768257141, "time_since_restore": 1628.749768257141, "timesteps_since_restore": 0, "iterations_since_restore": 39, "timers/sample_time_ms": 31813.619, "timers/sample_throughput": 12.573, "timers/learn_time_ms": 10163.776, "timers/learn_throughput": 39.355, "timers/update_time_ms": 2.126, "info/num_steps_sampled": 15600, "info/num_steps_trained": 15600, "perf/cpu_util_percent": 26.219672131147536, "perf/ram_util_percent": 9.801639344262293, "info/learner/default_policy/allreduce_latency": 0.0, "info/learner/default_policy/cur_kl_coeff": 1.5187500000000003, "info/learner/default_policy/cur_lr": 5e-05, "info/learner/default_policy/total_loss": -0.07690874021500349, "info/learner/default_policy/policy_loss": -0.10886458680033684, "info/learner/default_policy/vf_loss": 0.009419676614925265, "info/learner/default_policy/vf_explained_var": 0.978468656539917, "info/learner/default_policy/kl": 0.014838628238067031, "info/learner/default_policy/entropy": 3.043169319629669, "info/learner/default_policy/entropy_coeff": 0.0, "_step": 38, "_runtime": 1641, "_timestamp": 1615875429, "sampler_perf/mean_raw_obs_processing_ms": 2.7748461482974625, "sampler_perf/mean_inference_ms": 7.203650173464512, "sampler_perf/mean_action_processing_ms": 0.17253426426266616, "sampler_perf/mean_env_wait_ms": 68.74999508883381, "sampler_perf/mean_env_render_ms": 0.0}