{"episode_reward_max": 3.3568292682926826, "episode_reward_min": 0.30500000000000005, "episode_reward_mean": 1.3714621107412697, "episode_len_mean": 187.28571428571428, "episodes_this_iter": 2, "num_healthy_workers": 1, "timesteps_total": 1311, "episodes_total": 7, "training_iteration": 3, "timestamp": 1615876050, "time_this_iter_s": 29.172717094421387, "time_total_s": 137.5788516998291, "time_since_restore": 137.5788516998291, "timesteps_since_restore": 0, "iterations_since_restore": 3, "sampler_perf/mean_raw_obs_processing_ms": 3.697561628956185, "sampler_perf/mean_inference_ms": 6.364450998403006, "sampler_perf/mean_action_processing_ms": 0.15744737325763491, "sampler_perf/mean_env_wait_ms": 71.15680743106363, "sampler_perf/mean_env_render_ms": 0.0, "timers/sample_time_ms": 35387.828, "timers/sample_throughput": 12.349, "timers/learn_time_ms": 10460.678, "timers/learn_throughput": 41.775, "timers/update_time_ms": 2.491, "info/num_steps_sampled": 1311, "info/num_steps_trained": 1311, "perf/cpu_util_percent": 29.28333333333333, "perf/ram_util_percent": 9.723809523809523, "info/learner/default_policy/allreduce_latency": 0.0, "info/learner/default_policy/cur_kl_coeff": 0.30000000000000004, "info/learner/default_policy/cur_lr": 5e-05, "info/learner/default_policy/total_loss": -0.058487508445978165, "info/learner/default_policy/policy_loss": -0.09326564272244771, "info/learner/default_policy/vf_loss": 0.024887933085362118, "info/learner/default_policy/vf_explained_var": 0.9161980152130127, "info/learner/default_policy/kl": 0.032967337096730866, "info/learner/default_policy/entropy": 3.1793694496154785, "info/learner/default_policy/entropy_coeff": 0.0, "_step": 2, "_runtime": 147, "_timestamp": 1615876050}