{"episode_reward_max": 2.7479166666666677, "episode_reward_min": 0.06027500000000001, "episode_reward_mean": 0.6025093730784998, "episode_len_mean": 44.39, "episodes_this_iter": 91, "num_healthy_workers": 1, "timesteps_total": 156000, "episodes_total": 3372, "training_iteration": 39, "timestamp": 1615724339, "time_this_iter_s": 458.7296950817108, "time_total_s": 17602.516629219055, "time_since_restore": 17602.516629219055, "timesteps_since_restore": 0, "iterations_since_restore": 39, "sampler_perf/mean_raw_obs_processing_ms": 13.405052640565414, "sampler_perf/mean_inference_ms": 6.287947058810382, "sampler_perf/mean_action_processing_ms": 0.16912621694625304, "sampler_perf/mean_env_wait_ms": 70.80502733834842, "sampler_perf/mean_env_render_ms": 0.0, "timers/sample_time_ms": 365161.323, "timers/sample_throughput": 10.954, "timers/learn_time_ms": 89293.522, "timers/learn_throughput": 44.796, "timers/update_time_ms": 1.996, "info/num_steps_sampled": 156000, "info/num_steps_trained": 156000, "perf/cpu_util_percent": 13.629160305343513, "perf/ram_util_percent": 10.767175572519085, "info/learner/default_policy/allreduce_latency": 0.0, "info/learner/default_policy/cur_kl_coeff": 7.275957614183426e-13, "info/learner/default_policy/cur_lr": 5e-05, "info/learner/default_policy/total_loss": 0.10747995163546875, "info/learner/default_policy/policy_loss": 0.0016969854477792978, "info/learner/default_policy/vf_loss": 0.10578296799212694, "info/learner/default_policy/vf_explained_var": 0.5467368960380554, "info/learner/default_policy/kl": 0.0, "info/learner/default_policy/entropy": 2.837877035140991, "info/learner/default_policy/entropy_coeff": 0.0, "_step": 38, "_runtime": 17623, "_timestamp": 1615724339}